table_name,ordinal_position,column_name,data_type,is_nullable
bookings,1,BOOKING_ID,INT64,YES
bookings,2,APPOINTMENT_ID,INT64,YES
bookings,3,LOCATION_ID,INT64,YES
bookings,4,TEAM_MEMBER_ID,INT64,YES
bookings,5,CLIENT_ID,INT64,YES
bookings,6,SERVICE_ID,INT64,YES
bookings,7,CREATED_BY_TEAM_MEMBER_ID,INT64,YES
bookings,8,CANCELLED_BY_TEAM_MEMBER_ID,INT64,YES
bookings,9,SCHEDULED_DATE,DATE,YES
bookings,10,CREATED_DATE,DATETIME,YES
bookings,11,SCHEDULED_TIME,DATETIME,YES
bookings,12,START_TIME,TIME,YES
bookings,13,END_TIME,TIME,YES
bookings,14,APPOINTMENT_SLOT,STRING,YES
bookings,15,DURATION_MINUTES,INT64,YES
bookings,16,CANCELLED_DATE,DATETIME,YES
bookings,17,LOCATION,STRING,YES
bookings,18,TEAM_MEMBER,STRING,YES
bookings,19,CLIENT,STRING,YES
bookings,20,CLIENT_GENDER,STRING,YES
bookings,21,CATEGORY,STRING,YES
bookings,22,SERVICE,STRING,YES
bookings,23,SKU,STRING,YES
bookings,24,CREATED_BY,STRING,YES
bookings,25,CANCELLED_BY,STRING,YES
bookings,26,IS_REQUESTED,BOOL,YES
bookings,27,APPOINTMENT_REF,STRING,YES
bookings,28,APPOINTMENT_CHANNEL,STRING,YES
bookings,29,STATUS,STRING,YES
bookings,30,IS_CANCELLED,BOOL,YES
bookings,31,IS_NO_SHOW,BOOL,YES
bookings,32,IS_ONLINE,BOOL,YES
bookings,33,CANCELLATION_REASON,STRING,YES
bookings,34,APPOINTMENT_TYPE,STRING,YES
bookings,35,GROSS_SALE,NUMERIC,YES
bookings,36,DISCOUNTS,NUMERIC,YES
bookings,37,NET_SALE,NUMERIC,YES
bookings,38,FEES_CHARGED,NUMERIC,YES
bookings,39,UPFRONT_PAYMENTS,NUMERIC,YES
bookings,40,APPOINTMENTS_REVIEWED,INT64,YES
bookings,41,AVG_APPOINTMENT_REVIEW_RATING,NUMERIC,YES
bookings,42,APPOINTMENT_NOTES,STRING,YES
bookings,43,_loaded_at,TIMESTAMP,YES
bookings_stage,1,BOOKING_ID,INT64,YES
bookings_stage,2,APPOINTMENT_ID,INT64,YES
bookings_stage,3,LOCATION_ID,INT64,YES
bookings_stage,4,TEAM_MEMBER_ID,INT64,YES
bookings_stage,5,CLIENT_ID,INT64,YES
bookings_stage,6,SERVICE_ID,INT64,YES
bookings_stage,7,CREATED_BY_TEAM_MEMBER_ID,INT64,YES
bookings_stage,8,CANCELLED_BY_TEAM_MEMBER_ID,INT64,YES
bookings_stage,9,SCHEDULED_DATE,DATE,YES
bookings_stage,10,CREATED_DATE,DATETIME,YES
bookings_stage,11,SCHEDULED_TIME,DATETIME,YES
bookings_stage,12,START_TIME,TIME,YES
bookings_stage,13,END_TIME,TIME,YES
bookings_stage,14,APPOINTMENT_SLOT,STRING,YES
bookings_stage,15,DURATION_MINUTES,INT64,YES
bookings_stage,16,CANCELLED_DATE,DATETIME,YES
bookings_stage,17,LOCATION,STRING,YES
bookings_stage,18,TEAM_MEMBER,STRING,YES
bookings_stage,19,CLIENT,STRING,YES
bookings_stage,20,CLIENT_GENDER,STRING,YES
bookings_stage,21,CATEGORY,STRING,YES
bookings_stage,22,SERVICE,STRING,YES
bookings_stage,23,SKU,STRING,YES
bookings_stage,24,CREATED_BY,STRING,YES
bookings_stage,25,CANCELLED_BY,STRING,YES
bookings_stage,26,IS_REQUESTED,BOOL,YES
bookings_stage,27,APPOINTMENT_REF,STRING,YES
bookings_stage,28,APPOINTMENT_CHANNEL,STRING,YES
bookings_stage,29,STATUS,STRING,YES
bookings_stage,30,IS_CANCELLED,BOOL,YES
bookings_stage,31,IS_NO_SHOW,BOOL,YES
bookings_stage,32,IS_ONLINE,BOOL,YES
bookings_stage,33,CANCELLATION_REASON,STRING,YES
bookings_stage,34,APPOINTMENT_TYPE,STRING,YES
bookings_stage,35,GROSS_SALE,NUMERIC,YES
bookings_stage,36,DISCOUNTS,NUMERIC,YES
bookings_stage,37,NET_SALE,NUMERIC,YES
bookings_stage,38,FEES_CHARGED,NUMERIC,YES
bookings_stage,39,UPFRONT_PAYMENTS,NUMERIC,YES
bookings_stage,40,APPOINTMENTS_REVIEWED,INT64,YES
bookings_stage,41,AVG_APPOINTMENT_REVIEW_RATING,NUMERIC,YES
bookings_stage,42,APPOINTMENT_NOTES,STRING,YES
bookings_stage,43,_loaded_at,TIMESTAMP,YES
client_notes,1,NOTE_ID,INT64,YES
client_notes,2,CLIENT_ID,INT64,YES
client_notes,3,CREATED_BY_TEAM_MEMBER_ID,INT64,YES
client_notes,4,LAST_EDITED_BY_TEAM_MEMBER_ID,INT64,YES
client_notes,5,BODY,STRING,YES
client_notes,6,CREATED_AT,TIMESTAMP,YES
client_notes,7,LAST_EDITED_AT,TIMESTAMP,YES
client_notes,8,_loaded_at,TIMESTAMP,YES
client_notes_stage,1,NOTE_ID,INT64,YES
client_notes_stage,2,CLIENT_ID,INT64,YES
client_notes_stage,3,CREATED_BY_TEAM_MEMBER_ID,INT64,YES
client_notes_stage,4,LAST_EDITED_BY_TEAM_MEMBER_ID,INT64,YES
client_notes_stage,5,BODY,STRING,YES
client_notes_stage,6,CREATED_AT,TIMESTAMP,YES
client_notes_stage,7,LAST_EDITED_AT,TIMESTAMP,YES
clients,1,CLIENT_ID,INT64,YES
clients,2,SIGNUP_DATE,DATE,YES
clients,3,FIRST_APPOINTMENT_DATE,DATE,YES
clients,4,LAST_APPOINTMENT_DATE,DATE,YES
clients,5,CLIENT,STRING,YES
clients,6,GENDER,STRING,YES
clients,7,AGE,INT64,YES
clients,8,MOBILE_NUMBER,STRING,YES
clients,9,EMAIL,STRING,YES
clients,10,IS_REBOOKED,BOOL,YES
clients,11,REFERRAL_SOURCE,STRING,YES
clients,12,LAST_APPOINTMENT_LOCATION,STRING,YES
clients,13,LAST_APPOINTMENT_WITH,STRING,YES
clients,14,SMS_NOTIFICATIONS_ENABLED,BOOL,YES
clients,15,WHATSAPP_NOTIFICATIONS_ENABLED,BOOL,YES
clients,16,EMAIL_NOTIFICATIONS_ENABLED,BOOL,YES
clients,17,ACCEPTS_SMS_MARKETING_NOTIFICATIONS,BOOL,YES
clients,18,ACCEPTS_WHATSAPP_MARKETING_NOTIFICATIONS,BOOL,YES
clients,19,ACCEPTS_EMAIL_MARKETING_NOTIFICATIONS,BOOL,YES
clients,20,TOTAL_APPOINTMENTS,INT64,YES
clients,21,TOTAL_APPOINTMENT_VALUE,NUMERIC,YES
clients,22,REVIEWS,INT64,YES
clients,23,_loaded_at,TIMESTAMP,YES
clients_stage,1,CLIENT_ID,INT64,YES
clients_stage,2,SIGNUP_DATE,DATE,YES
clients_stage,3,FIRST_APPOINTMENT_DATE,DATE,YES
clients_stage,4,LAST_APPOINTMENT_DATE,DATE,YES
clients_stage,5,CLIENT,STRING,YES
clients_stage,6,GENDER,STRING,YES
clients_stage,7,AGE,INT64,YES
clients_stage,8,MOBILE_NUMBER,STRING,YES
clients_stage,9,EMAIL,STRING,YES
clients_stage,10,IS_REBOOKED,BOOL,YES
clients_stage,11,REFERRAL_SOURCE,STRING,YES
clients_stage,12,LAST_APPOINTMENT_LOCATION,STRING,YES
clients_stage,13,LAST_APPOINTMENT_WITH,STRING,YES
clients_stage,14,SMS_NOTIFICATIONS_ENABLED,BOOL,YES
clients_stage,15,WHATSAPP_NOTIFICATIONS_ENABLED,BOOL,YES
clients_stage,16,EMAIL_NOTIFICATIONS_ENABLED,BOOL,YES
clients_stage,17,ACCEPTS_SMS_MARKETING_NOTIFICATIONS,BOOL,YES
clients_stage,18,ACCEPTS_WHATSAPP_MARKETING_NOTIFICATIONS,BOOL,YES
clients_stage,19,ACCEPTS_EMAIL_MARKETING_NOTIFICATIONS,BOOL,YES
clients_stage,20,TOTAL_APPOINTMENTS,INT64,YES
clients_stage,21,TOTAL_APPOINTMENT_VALUE,NUMERIC,YES
clients_stage,22,REVIEWS,INT64,YES
clients_stage,23,_loaded_at,TIMESTAMP,YES
commissions,1,COMMISSION_ID,INT64,YES
commissions,2,SALE_ID,INT64,YES
commissions,3,SALE_ITEM_ID,INT64,YES
commissions,4,SALE_NUMBER,STRING,YES
commissions,5,LOCATION_ID,INT64,YES
commissions,6,TEAM_MEMBER_ID,INT64,YES
commissions,7,CLIENT_ID,INT64,YES
commissions,8,SALE_DATE,TIMESTAMP,YES
commissions,9,CLIENT,STRING,YES
commissions,10,TEAM_MEMBER,STRING,YES
commissions,11,LOCATION,STRING,YES
commissions,12,SALE_ITEM,STRING,YES
commissions,13,SALE_TYPE,STRING,YES
commissions,14,SERVICE_CATEGORY,STRING,YES
commissions,15,SKU,STRING,YES
commissions,16,GROSS_SALES,NUMERIC,YES
commissions,17,TAX,NUMERIC,YES
commissions,18,DISCOUNTS,NUMERIC,YES
commissions,19,COST,NUMERIC,YES
commissions,20,COMMISSION_BASE,NUMERIC,YES
commissions,21,COMMISSION,NUMERIC,YES
commissions,22,PERCENTAGE_COMMISSION,BIGNUMERIC,YES
commissions,23,CURRENCY_CODE,STRING,YES
commissions,24,_loaded_at,TIMESTAMP,YES
commissions_stage,1,COMMISSION_ID,INT64,YES
commissions_stage,2,SALE_ID,INT64,YES
commissions_stage,3,SALE_ITEM_ID,INT64,YES
commissions_stage,4,SALE_NUMBER,STRING,YES
commissions_stage,5,LOCATION_ID,INT64,YES
commissions_stage,6,TEAM_MEMBER_ID,INT64,YES
commissions_stage,7,CLIENT_ID,INT64,YES
commissions_stage,8,SALE_DATE,TIMESTAMP,YES
commissions_stage,9,CLIENT,STRING,YES
commissions_stage,10,TEAM_MEMBER,STRING,YES
commissions_stage,11,LOCATION,STRING,YES
commissions_stage,12,SALE_ITEM,STRING,YES
commissions_stage,13,SALE_TYPE,STRING,YES
commissions_stage,14,SERVICE_CATEGORY,STRING,YES
commissions_stage,15,SKU,STRING,YES
commissions_stage,16,GROSS_SALES,NUMERIC,YES
commissions_stage,17,TAX,NUMERIC,YES
commissions_stage,18,DISCOUNTS,NUMERIC,YES
commissions_stage,19,COST,NUMERIC,YES
commissions_stage,20,COMMISSION_BASE,NUMERIC,YES
commissions_stage,21,COMMISSION,NUMERIC,YES
commissions_stage,22,PERCENTAGE_COMMISSION,BIGNUMERIC,YES
commissions_stage,23,CURRENCY_CODE,STRING,YES
commissions_stage,24,_loaded_at,TIMESTAMP,YES
deposits,1,DEPOSIT_ID,STRING,YES
deposits,2,LOCATION_ID,INT64,YES
deposits,3,TEAM_MEMBER_ID,INT64,YES
deposits,4,CLIENT_ID,INT64,YES
deposits,5,APPOINTMENT_ID,INT64,YES
deposits,6,COLLECTION_DATE,TIMESTAMP,YES
deposits,7,REFUND_DATE,TIMESTAMP,YES
deposits,8,REDEMPTION_DATE,TIMESTAMP,YES
deposits,9,APPOINTMENT_REF,STRING,YES
deposits,10,LOCATION,STRING,YES
deposits,11,TEAM_MEMBER,STRING,YES
deposits,12,CLIENT,STRING,YES
deposits,13,STATUS,STRING,YES
deposits,14,COLLECTIONS,NUMERIC,YES
deposits,15,REDEMPTIONS,NUMERIC,YES
deposits,16,REFUNDS,NUMERIC,YES
deposits,17,CLOSING_BALANCE,NUMERIC,YES
deposits,18,CURRENCY_CODE,STRING,YES
deposits,19,_loaded_at,TIMESTAMP,YES
deposits_stage,1,DEPOSIT_ID,STRING,YES
deposits_stage,2,LOCATION_ID,INT64,YES
deposits_stage,3,TEAM_MEMBER_ID,INT64,YES
deposits_stage,4,CLIENT_ID,INT64,YES
deposits_stage,5,APPOINTMENT_ID,INT64,YES
deposits_stage,6,COLLECTION_DATE,TIMESTAMP,YES
deposits_stage,7,REFUND_DATE,TIMESTAMP,YES
deposits_stage,8,REDEMPTION_DATE,TIMESTAMP,YES
deposits_stage,9,APPOINTMENT_REF,STRING,YES
deposits_stage,10,LOCATION,STRING,YES
deposits_stage,11,TEAM_MEMBER,STRING,YES
deposits_stage,12,CLIENT,STRING,YES
deposits_stage,13,STATUS,STRING,YES
deposits_stage,14,COLLECTIONS,NUMERIC,YES
deposits_stage,15,REDEMPTIONS,NUMERIC,YES
deposits_stage,16,REFUNDS,NUMERIC,YES
deposits_stage,17,CLOSING_BALANCE,NUMERIC,YES
deposits_stage,18,CURRENCY_CODE,STRING,YES
gift_cards,1,GIFT_CARD_ID,NUMERIC,YES
gift_cards,2,SALE_ID,INT64,YES
gift_cards,3,SALE_ITEM_ID,INT64,YES
gift_cards,4,SALE_NUMBER,STRING,YES
gift_cards,5,LOCATION_ID,INT64,YES
gift_cards,6,TEAM_MEMBER_ID,INT64,YES
gift_cards,7,CLIENT_ID,INT64,YES
gift_cards,8,ISSUE_DATE,DATE,YES
gift_cards,9,EXPIRY_DATE,DATE,YES
gift_cards,10,REDEMPTION_DATE,TIMESTAMP,YES
gift_cards,11,CODE,STRING,YES
gift_cards,12,LOCATION,STRING,YES
gift_cards,13,TEAM_MEMBER,STRING,YES
gift_cards,14,PURCHASED_BY,STRING,YES
gift_cards,15,STATUS,STRING,YES
gift_cards,16,ISSUED_VALUE,NUMERIC,YES
gift_cards,17,TOTAL_SALES,NUMERIC,YES
gift_cards,18,DISCOUNT_VALUE,NUMERIC,YES
gift_cards,19,EXPIRED_VALUE,NUMERIC,YES
gift_cards,20,BALANCE,NUMERIC,YES
gift_cards,21,REDEEMED_VALUE,NUMERIC,YES
gift_cards,22,_loaded_at,TIMESTAMP,YES
gift_cards_stage,1,GIFT_CARD_ID,NUMERIC,YES
gift_cards_stage,2,SALE_ID,INT64,YES
gift_cards_stage,3,SALE_ITEM_ID,INT64,YES
gift_cards_stage,4,SALE_NUMBER,STRING,YES
gift_cards_stage,5,LOCATION_ID,INT64,YES
gift_cards_stage,6,TEAM_MEMBER_ID,INT64,YES
gift_cards_stage,7,CLIENT_ID,INT64,YES
gift_cards_stage,8,ISSUE_DATE,DATE,YES
gift_cards_stage,9,EXPIRY_DATE,DATE,YES
gift_cards_stage,10,REDEMPTION_DATE,TIMESTAMP,YES
gift_cards_stage,11,CODE,STRING,YES
gift_cards_stage,12,LOCATION,STRING,YES
gift_cards_stage,13,TEAM_MEMBER,STRING,YES
gift_cards_stage,14,PURCHASED_BY,STRING,YES
gift_cards_stage,15,STATUS,STRING,YES
gift_cards_stage,16,ISSUED_VALUE,NUMERIC,YES
gift_cards_stage,17,TOTAL_SALES,NUMERIC,YES
gift_cards_stage,18,DISCOUNT_VALUE,NUMERIC,YES
gift_cards_stage,19,EXPIRED_VALUE,NUMERIC,YES
gift_cards_stage,20,BALANCE,NUMERIC,YES
gift_cards_stage,21,REDEEMED_VALUE,NUMERIC,YES
leads_inbox,1,first_name,STRING,YES
leads_inbox,2,last_name,STRING,YES
leads_inbox,3,email,STRING,NO
leads_inbox,4,mobile_number,STRING,YES
leads_inbox,5,lead_source,STRING,YES
leads_inbox,6,how_heard,STRING,YES
leads_inbox,7,preferred_artist,STRING,YES
leads_inbox,8,image_url,STRING,YES
leads_inbox,9,inquiry_message,STRING,YES
leads_inbox,10,gclid,STRING,YES
leads_inbox,11,created_at,TIMESTAMP,YES
locations,1,LOCATION_ID,INT64,YES
locations,2,NAME,STRING,YES
locations,3,PHONE,STRING,YES
locations,4,EMAIL,STRING,YES
locations,5,DELETED_AT,TIMESTAMP,YES
locations,6,_loaded_at,TIMESTAMP,YES
locations_stage,1,LOCATION_ID,INT64,YES
locations_stage,2,NAME,STRING,YES
locations_stage,3,PHONE,STRING,YES
locations_stage,4,EMAIL,STRING,YES
locations_stage,5,DELETED_AT,TIMESTAMP,YES
memberships,1,MEMBERSHIP_PK,STRING,YES
memberships,2,MEMBERSHIP_ID,INT64,YES
memberships,3,LOCATION_ID,INT64,YES
memberships,4,TEAM_MEMBER_ID,INT64,YES
memberships,5,CLIENT_ID,INT64,YES
memberships,6,START_DATE,DATE,YES
memberships,7,END_DATE,DATE,YES
memberships,8,LOCATION,STRING,YES
memberships,9,TEAM_MEMBER,STRING,YES
memberships,10,CLIENT,STRING,YES
memberships,11,MEMBERSHIP_TYPE,STRING,YES
memberships,12,MEMBERSHIP_NAME,STRING,YES
memberships,13,MEMBERSHIP_STATUS,STRING,YES
memberships,14,SERVICES_INCLUDED,INT64,YES
memberships,15,TOTAL_SESSIONS,INT64,YES
memberships,16,SALE_VALUE,NUMERIC,YES
memberships,17,_loaded_at,TIMESTAMP,YES
memberships_stage,1,MEMBERSHIP_PK,STRING,YES
memberships_stage,2,MEMBERSHIP_ID,INT64,YES
memberships_stage,3,LOCATION_ID,INT64,YES
memberships_stage,4,TEAM_MEMBER_ID,INT64,YES
memberships_stage,5,CLIENT_ID,INT64,YES
memberships_stage,6,START_DATE,DATE,YES
memberships_stage,7,END_DATE,DATE,YES
memberships_stage,8,LOCATION,STRING,YES
memberships_stage,9,TEAM_MEMBER,STRING,YES
memberships_stage,10,CLIENT,STRING,YES
memberships_stage,11,MEMBERSHIP_TYPE,STRING,YES
memberships_stage,12,MEMBERSHIP_NAME,STRING,YES
memberships_stage,13,MEMBERSHIP_STATUS,STRING,YES
memberships_stage,14,SERVICES_INCLUDED,INT64,YES
memberships_stage,15,TOTAL_SESSIONS,INT64,YES
memberships_stage,16,SALE_VALUE,NUMERIC,YES
occupancy,1,OCCUPANCY_EMPLOYEE_PK,STRING,YES
occupancy,2,LOCATION_ID,INT64,YES
occupancy,3,TEAM_MEMBER_ID,INT64,YES
occupancy,4,DATE,DATE,YES
occupancy,5,LOCATION,STRING,YES
occupancy,6,TEAM_MEMBER,STRING,YES
occupancy,7,SHIFT_MINUTES,NUMERIC,YES
occupancy,8,TIME_OFF_MINUTES,INT64,YES
occupancy,9,BLOCKED_MINUTES,INT64,YES
occupancy,10,AVAILABLE_MINUTES,NUMERIC,YES
occupancy,11,BOOKED_MINUTES,INT64,YES
occupancy,12,UNBOOKED_MINUTES,NUMERIC,YES
occupancy,13,OCCUPANCY_RATE,NUMERIC,YES
occupancy,14,_loaded_at,TIMESTAMP,YES
occupancy_stage,1,OCCUPANCY_EMPLOYEE_PK,STRING,YES
occupancy_stage,2,LOCATION_ID,INT64,YES
occupancy_stage,3,TEAM_MEMBER_ID,INT64,YES
occupancy_stage,4,DATE,DATE,YES
occupancy_stage,5,LOCATION,STRING,YES
occupancy_stage,6,TEAM_MEMBER,STRING,YES
occupancy_stage,7,SHIFT_MINUTES,NUMERIC,YES
occupancy_stage,8,TIME_OFF_MINUTES,INT64,YES
occupancy_stage,9,BLOCKED_MINUTES,INT64,YES
occupancy_stage,10,AVAILABLE_MINUTES,NUMERIC,YES
occupancy_stage,11,BOOKED_MINUTES,INT64,YES
occupancy_stage,12,UNBOOKED_MINUTES,NUMERIC,YES
occupancy_stage,13,OCCUPANCY_RATE,NUMERIC,YES
payments,1,SALE_NUMBER,STRING,YES
payments,2,PAYMENT_NO,INT64,YES
payments,3,APPOINTMENT_REF,STRING,YES
payments,4,SALE_ID,INT64,YES
payments,5,APPOINTMENT_ID,INT64,YES
payments,6,LOCATION_ID,INT64,YES
payments,7,TEAM_MEMBER_ID,INT64,YES
payments,8,CLIENT_ID,INT64,YES
payments,9,PAYMENT_DATE,TIMESTAMP,YES
payments,10,SALE_DATE,TIMESTAMP,YES
payments,11,LOCATION,STRING,YES
payments,12,TEAM_MEMBER,STRING,YES
payments,13,CLIENT,STRING,YES
payments,14,GIFT_CARD_CODE,STRING,YES
payments,15,TRANSACTION_TYPE,STRING,YES
payments,16,IS_DEPOSIT_REDEMPTION,BOOL,YES
payments,17,IS_GIFT_CARD_REDEMPTION,BOOL,YES
payments,18,PAYMENT_METHOD,STRING,YES
payments,19,CURRENCY_CODE,STRING,YES
payments,20,AMOUNT,NUMERIC,YES
payments,21,REFUND_AMOUNT,NUMERIC,YES
payments,22,PAYMENT_AMOUNT,NUMERIC,YES
payments,23,CHANGE_AMOUNT,NUMERIC,YES
payments,24,_loaded_at,TIMESTAMP,YES
payments_stage,1,SALE_NUMBER,STRING,YES
payments_stage,2,PAYMENT_NO,INT64,YES
payments_stage,3,APPOINTMENT_REF,STRING,YES
payments_stage,4,SALE_ID,INT64,YES
payments_stage,5,APPOINTMENT_ID,INT64,YES
payments_stage,6,LOCATION_ID,INT64,YES
payments_stage,7,TEAM_MEMBER_ID,INT64,YES
payments_stage,8,CLIENT_ID,INT64,YES
payments_stage,9,PAYMENT_DATE,TIMESTAMP,YES
payments_stage,10,SALE_DATE,TIMESTAMP,YES
payments_stage,11,LOCATION,STRING,YES
payments_stage,12,TEAM_MEMBER,STRING,YES
payments_stage,13,CLIENT,STRING,YES
payments_stage,14,GIFT_CARD_CODE,STRING,YES
payments_stage,15,TRANSACTION_TYPE,STRING,YES
payments_stage,16,IS_DEPOSIT_REDEMPTION,BOOL,YES
payments_stage,17,IS_GIFT_CARD_REDEMPTION,BOOL,YES
payments_stage,18,PAYMENT_METHOD,STRING,YES
payments_stage,19,CURRENCY_CODE,STRING,YES
payments_stage,20,AMOUNT,NUMERIC,YES
payments_stage,21,REFUND_AMOUNT,NUMERIC,YES
payments_stage,22,PAYMENT_AMOUNT,NUMERIC,YES
payments_stage,23,CHANGE_AMOUNT,NUMERIC,YES
payments_stage,24,_loaded_at,TIMESTAMP,YES
products,1,PRODUCT_ID,INT64,YES
products,2,SUPPLIER_NAME,STRING,YES
products,3,BRAND_NAME,STRING,YES
products,4,PRODUCT_NAME,STRING,YES
products,5,CATEGORY_NAME,STRING,YES
products,6,SKU,STRING,YES
products,7,BARCODE,STRING,YES
products,8,HAS_DESCRIPTION,BOOL,YES
products,9,HAS_IMAGE,BOOL,YES
products,10,HAS_UNLIMITED_STOCK,BOOL,YES
products,11,UNITS,NUMERIC,YES
products,12,UNIT_OF_MEASURE,STRING,YES
products,13,COST_PRICE,NUMERIC,YES
products,14,RETAIL_PRICE,NUMERIC,YES
products,15,_loaded_at,TIMESTAMP,YES
products_stage,1,PRODUCT_ID,INT64,YES
products_stage,2,SUPPLIER_NAME,STRING,YES
products_stage,3,BRAND_NAME,STRING,YES
products_stage,4,PRODUCT_NAME,STRING,YES
products_stage,5,CATEGORY_NAME,STRING,YES
products_stage,6,SKU,STRING,YES
products_stage,7,BARCODE,STRING,YES
products_stage,8,HAS_DESCRIPTION,BOOL,YES
products_stage,9,HAS_IMAGE,BOOL,YES
products_stage,10,HAS_UNLIMITED_STOCK,BOOL,YES
products_stage,11,UNITS,NUMERIC,YES
products_stage,12,UNIT_OF_MEASURE,STRING,YES
products_stage,13,COST_PRICE,NUMERIC,YES
products_stage,14,RETAIL_PRICE,NUMERIC,YES
sale_items,1,SALE_ITEM_ID,INT64,YES
sale_items,2,SALE_ID,INT64,YES
sale_items,3,BOOKING_ID,INT64,YES
sale_items,4,LOCATION_ID,INT64,YES
sale_items,5,MERCHANT_ID,INT64,YES
sale_items,6,TEAM_MEMBER_ID,INT64,YES
sale_items,7,CLIENT_ID,INT64,YES
sale_items,8,SALE_DATE,TIMESTAMP,YES
sale_items,9,SALE_NUMBER,STRING,YES
sale_items,10,SALE_STATUS,STRING,YES
sale_items,11,LOCATION,STRING,YES
sale_items,12,TEAM_MEMBER,STRING,YES
sale_items,13,MERCHANT,STRING,YES
sale_items,14,CLIENT,STRING,YES
sale_items,15,CLIENT_GENDER,STRING,YES
sale_items,16,CLIENT_SOURCE,STRING,YES
sale_items,17,CLIENT_RETENTION_SOURCE,STRING,YES
sale_items,18,CLIENT_MOBILE,STRING,YES
sale_items,19,DISCOUNT_CATEGORY,STRING,YES
sale_items,20,DISCOUNT_TYPE,STRING,YES
sale_items,21,DISCOUNT_NAME,STRING,YES
sale_items,22,APPOINTMENT_CHANNEL,STRING,YES
sale_items,23,APPOINTMENT_REF,STRING,YES
sale_items,24,TRANSACTION_TYPE,STRING,YES
sale_items,25,PAYMENT_METHOD,STRING,YES
sale_items,26,SALE_TYPE,STRING,YES
sale_items,27,CATEGORY,STRING,YES
sale_items,28,ITEM,STRING,YES
sale_items,29,SUPPLIER,STRING,YES
sale_items,30,BRAND,STRING,YES
sale_items,31,SKU,STRING,YES
sale_items,32,BARCODE,STRING,YES
sale_items,33,IS_UPSELL,BOOL,YES
sale_items,34,CURRENCY_CODE,STRING,YES
sale_items,35,QUANTITY,INT64,YES
sale_items,36,GROSS_SALES,NUMERIC,YES
sale_items,37,DISCOUNTS,NUMERIC,YES
sale_items,38,CART_DISCOUNTS,NUMERIC,YES
sale_items,39,ITEM_DISCOUNTS,NUMERIC,YES
sale_items,40,REFUNDS,NUMERIC,YES
sale_items,41,NET_SALES,NUMERIC,YES
sale_items,42,TAXES_ON_NET_SALES,NUMERIC,YES
sale_items,43,TOTAL_SALES,NUMERIC,YES
sale_items,44,COST,NUMERIC,YES
sale_items,45,_loaded_at,TIMESTAMP,YES
sale_items_stage,1,SALE_ITEM_ID,INT64,YES
sale_items_stage,2,SALE_ID,INT64,YES
sale_items_stage,3,BOOKING_ID,INT64,YES
sale_items_stage,4,LOCATION_ID,INT64,YES
sale_items_stage,5,MERCHANT_ID,INT64,YES
sale_items_stage,6,TEAM_MEMBER_ID,INT64,YES
sale_items_stage,7,CLIENT_ID,INT64,YES
sale_items_stage,8,SALE_DATE,TIMESTAMP,YES
sale_items_stage,9,SALE_NUMBER,STRING,YES
sale_items_stage,10,SALE_STATUS,STRING,YES
sale_items_stage,11,LOCATION,STRING,YES
sale_items_stage,12,TEAM_MEMBER,STRING,YES
sale_items_stage,13,MERCHANT,STRING,YES
sale_items_stage,14,CLIENT,STRING,YES
sale_items_stage,15,CLIENT_GENDER,STRING,YES
sale_items_stage,16,CLIENT_SOURCE,STRING,YES
sale_items_stage,17,CLIENT_RETENTION_SOURCE,STRING,YES
sale_items_stage,18,CLIENT_MOBILE,STRING,YES
sale_items_stage,19,DISCOUNT_CATEGORY,STRING,YES
sale_items_stage,20,DISCOUNT_TYPE,STRING,YES
sale_items_stage,21,DISCOUNT_NAME,STRING,YES
sale_items_stage,22,APPOINTMENT_CHANNEL,STRING,YES
sale_items_stage,23,APPOINTMENT_REF,STRING,YES
sale_items_stage,24,TRANSACTION_TYPE,STRING,YES
sale_items_stage,25,PAYMENT_METHOD,STRING,YES
sale_items_stage,26,SALE_TYPE,STRING,YES
sale_items_stage,27,CATEGORY,STRING,YES
sale_items_stage,28,ITEM,STRING,YES
sale_items_stage,29,SUPPLIER,STRING,YES
sale_items_stage,30,BRAND,STRING,YES
sale_items_stage,31,SKU,STRING,YES
sale_items_stage,32,BARCODE,STRING,YES
sale_items_stage,33,IS_UPSELL,BOOL,YES
sale_items_stage,34,CURRENCY_CODE,STRING,YES
sale_items_stage,35,QUANTITY,INT64,YES
sale_items_stage,36,GROSS_SALES,NUMERIC,YES
sale_items_stage,37,DISCOUNTS,NUMERIC,YES
sale_items_stage,38,CART_DISCOUNTS,NUMERIC,YES
sale_items_stage,39,ITEM_DISCOUNTS,NUMERIC,YES
sale_items_stage,40,REFUNDS,NUMERIC,YES
sale_items_stage,41,NET_SALES,NUMERIC,YES
sale_items_stage,42,TAXES_ON_NET_SALES,NUMERIC,YES
sale_items_stage,43,TOTAL_SALES,NUMERIC,YES
sale_items_stage,44,COST,NUMERIC,YES
sale_items_stage,45,_loaded_at,TIMESTAMP,YES
sales,1,SALE_ID,INT64,YES
sales,2,SALE_NUMBER,STRING,YES
sales,3,LOCATION_ID,INT64,YES
sales,4,TEAM_MEMBER_ID,INT64,YES
sales,5,CLIENT_ID,INT64,YES
sales,6,APPOINTMENT_ID,INT64,YES
sales,7,SALE_DATE,TIMESTAMP,YES
sales,8,LOCATION,STRING,YES
sales,9,CLIENT,STRING,YES
sales,10,CLIENT_GENDER,STRING,YES
sales,11,TEAM_MEMBER,STRING,YES
sales,12,STATUS,STRING,YES
sales,13,APPOINTMENT_CHANNEL,STRING,YES
sales,14,PAYMENT_METHOD,STRING,YES
sales,15,TRANSACTION_TYPE,STRING,YES
sales,16,PAYMENT_STATUS,STRING,YES
sales,17,SERVICE_CHARGE,STRING,YES
sales,18,CLIENT_SOURCE,STRING,YES
sales,19,CLIENT_RETENTION_SOURCE,STRING,YES
sales,20,ITEMS_SOLD,INT64,YES
sales,21,TOTAL_SALES,NUMERIC,YES
sales,22,GROSS_SALES,NUMERIC,YES
sales,23,NET_SALES,NUMERIC,YES
sales,24,TOTAL_REFUNDS,NUMERIC,YES
sales,25,TOTAL_DISCOUNTS,NUMERIC,YES
sales,26,TOTAL_TIPS,NUMERIC,YES
sales,27,TOTAL_PAYMENTS,NUMERIC,YES
sales,28,TOTAL_TAXES,NUMERIC,YES
sales,29,TOTAL_SERVICE_CHARGES,NUMERIC,YES
sales,30,TOTAL_GIFT_CARDS,NUMERIC,YES
sales,31,TOTAL_CHANGE_AMOUNT,NUMERIC,YES
sales,32,AMOUNT_DUE,NUMERIC,YES
sales,33,TOTAL_PAYMENTS_AND_REDEMPTIONS,NUMERIC,YES
sales,34,TOTAL_GIFT_CARD_REDEMPTIONS,NUMERIC,YES
sales,35,TOTAL_SERVICE_CHARGE_TAXES,NUMERIC,YES
sales,36,GIFT_CARD_TAXES,NUMERIC,YES
sales,37,CURRENCY_CODE,STRING,YES
sales,38,_loaded_at,TIMESTAMP,YES
sales_stage,1,SALE_ID,INT64,YES
sales_stage,2,SALE_NUMBER,STRING,YES
sales_stage,3,LOCATION_ID,INT64,YES
sales_stage,4,TEAM_MEMBER_ID,INT64,YES
sales_stage,5,CLIENT_ID,INT64,YES
sales_stage,6,APPOINTMENT_ID,INT64,YES
sales_stage,7,SALE_DATE,TIMESTAMP,YES
sales_stage,8,LOCATION,STRING,YES
sales_stage,9,CLIENT,STRING,YES
sales_stage,10,CLIENT_GENDER,STRING,YES
sales_stage,11,TEAM_MEMBER,STRING,YES
sales_stage,12,STATUS,STRING,YES
sales_stage,13,APPOINTMENT_CHANNEL,STRING,YES
sales_stage,14,PAYMENT_METHOD,STRING,YES
sales_stage,15,TRANSACTION_TYPE,STRING,YES
sales_stage,16,PAYMENT_STATUS,STRING,YES
sales_stage,17,SERVICE_CHARGE,STRING,YES
sales_stage,18,CLIENT_SOURCE,STRING,YES
sales_stage,19,CLIENT_RETENTION_SOURCE,STRING,YES
sales_stage,20,ITEMS_SOLD,INT64,YES
sales_stage,21,TOTAL_SALES,NUMERIC,YES
sales_stage,22,GROSS_SALES,NUMERIC,YES
sales_stage,23,NET_SALES,NUMERIC,YES
sales_stage,24,TOTAL_REFUNDS,NUMERIC,YES
sales_stage,25,TOTAL_DISCOUNTS,NUMERIC,YES
sales_stage,26,TOTAL_TIPS,NUMERIC,YES
sales_stage,27,TOTAL_PAYMENTS,NUMERIC,YES
sales_stage,28,TOTAL_TAXES,NUMERIC,YES
sales_stage,29,TOTAL_SERVICE_CHARGES,NUMERIC,YES
sales_stage,30,TOTAL_GIFT_CARDS,NUMERIC,YES
sales_stage,31,TOTAL_CHANGE_AMOUNT,NUMERIC,YES
sales_stage,32,AMOUNT_DUE,NUMERIC,YES
sales_stage,33,TOTAL_PAYMENTS_AND_REDEMPTIONS,NUMERIC,YES
sales_stage,34,TOTAL_GIFT_CARD_REDEMPTIONS,NUMERIC,YES
sales_stage,35,TOTAL_SERVICE_CHARGE_TAXES,NUMERIC,YES
sales_stage,36,GIFT_CARD_TAXES,NUMERIC,YES
sales_stage,37,CURRENCY_CODE,STRING,YES
sales_stage,38,_loaded_at,TIMESTAMP,YES
scheduled_shifts,1,SHIFT_ID,STRING,YES
scheduled_shifts,2,CALENDAR_DATE,DATE,YES
scheduled_shifts,3,LOCATION_ID,INT64,YES
scheduled_shifts,4,TEAM_MEMBER_ID,INT64,YES
scheduled_shifts,5,TEAM_MEMBER,STRING,YES
scheduled_shifts,6,LOCATION,STRING,YES
scheduled_shifts,7,SCHEDULED_START_TIMESTAMP,TIMESTAMP,YES
scheduled_shifts,8,SCHEDULED_END_TIMESTAMP,TIMESTAMP,YES
scheduled_shifts,9,MINUTES_SCHEDULED,NUMERIC,YES
scheduled_shifts,10,HOURS_SCHEDULED,NUMERIC,YES
scheduled_shifts,11,_loaded_at,TIMESTAMP,YES
scheduled_shifts_stage,1,SHIFT_ID,STRING,YES
scheduled_shifts_stage,2,CALENDAR_DATE,DATE,YES
scheduled_shifts_stage,3,LOCATION_ID,INT64,YES
scheduled_shifts_stage,4,TEAM_MEMBER_ID,INT64,YES
scheduled_shifts_stage,5,TEAM_MEMBER,STRING,YES
scheduled_shifts_stage,6,LOCATION,STRING,YES
scheduled_shifts_stage,7,SCHEDULED_START_TIMESTAMP,TIMESTAMP,YES
scheduled_shifts_stage,8,SCHEDULED_END_TIMESTAMP,TIMESTAMP,YES
scheduled_shifts_stage,9,MINUTES_SCHEDULED,NUMERIC,YES
scheduled_shifts_stage,10,HOURS_SCHEDULED,NUMERIC,YES
services,1,SERVICE_ID,INT64,YES
services,2,NAME,STRING,YES
services,3,DESCRIPTION,STRING,YES
services,4,DELETED_AT,TIMESTAMP,YES
services,5,_loaded_at,TIMESTAMP,YES
services_stage,1,SERVICE_ID,INT64,YES
services_stage,2,NAME,STRING,YES
services_stage,3,DESCRIPTION,STRING,YES
services_stage,4,DELETED_AT,TIMESTAMP,YES
stock_movements,1,STOCK_MOVEMENT_ID,INT64,YES
stock_movements,2,LOCATION_ID,INT64,YES
stock_movements,3,SALE_ID,INT64,YES
stock_movements,4,SALE_DATE,TIMESTAMP,YES
stock_movements,5,LOCATION,STRING,YES
stock_movements,6,SUPPLIER,STRING,YES
stock_movements,7,BRAND,STRING,YES
stock_movements,8,CATEGORY,STRING,YES
stock_movements,9,PRODUCT,STRING,YES
stock_movements,10,PRIMARY_SKU,STRING,YES
stock_movements,11,BARCODE,STRING,YES
stock_movements,12,IS_UNLIMITED,BOOL,YES
stock_movements,13,ADJUSTMENT_REASON,STRING,YES
stock_movements,14,ADJUSTMENT_REF,STRING,YES
stock_movements,15,QUANTITY,INT64,YES
stock_movements,16,UNIT_COST,NUMERIC,YES
stock_movements,17,COST,NUMERIC,YES
stock_movements,18,RETAIL_PRICE,NUMERIC,YES
stock_movements,19,_loaded_at,TIMESTAMP,YES
stock_movements_stage,1,STOCK_MOVEMENT_ID,INT64,YES
stock_movements_stage,2,LOCATION_ID,INT64,YES
stock_movements_stage,3,SALE_ID,INT64,YES
stock_movements_stage,4,SALE_DATE,TIMESTAMP,YES
stock_movements_stage,5,LOCATION,STRING,YES
stock_movements_stage,6,SUPPLIER,STRING,YES
stock_movements_stage,7,BRAND,STRING,YES
stock_movements_stage,8,CATEGORY,STRING,YES
stock_movements_stage,9,PRODUCT,STRING,YES
stock_movements_stage,10,PRIMARY_SKU,STRING,YES
stock_movements_stage,11,BARCODE,STRING,YES
stock_movements_stage,12,IS_UNLIMITED,BOOL,YES
stock_movements_stage,13,ADJUSTMENT_REASON,STRING,YES
stock_movements_stage,14,ADJUSTMENT_REF,STRING,YES
stock_movements_stage,15,QUANTITY,INT64,YES
stock_movements_stage,16,UNIT_COST,NUMERIC,YES
stock_movements_stage,17,COST,NUMERIC,YES
stock_movements_stage,18,RETAIL_PRICE,NUMERIC,YES
stock_orders,1,ORDER_ITEM_ID,INT64,YES
stock_orders,2,ORDER_ID,INT64,YES
stock_orders,3,LOCATION_ID,INT64,YES
stock_orders,4,ORDERED_BY_TEAM_MEMBER_ID,INT64,YES
stock_orders,5,PRODUCT_ID,INT64,YES
stock_orders,6,ORDERED_AT,TIMESTAMP,YES
stock_orders,7,EXPECTED_AT,DATE,YES
stock_orders,8,RECEIVED_AT,TIMESTAMP,YES
stock_orders,9,LOCATION,STRING,YES
stock_orders,10,TEAM_MEMBER,STRING,YES
stock_orders,11,SUPPLIER_NAME,STRING,YES
stock_orders,12,BRAND_NAME,STRING,YES
stock_orders,13,PRODUCT_NAME,STRING,YES
stock_orders,14,CATEGORY_NAME,STRING,YES
stock_orders,15,REFERENCE_NUMBER,STRING,YES
stock_orders,16,ORDER_STATUS,STRING,YES
stock_orders,17,ORDERED_QUANTITY,INT64,YES
stock_orders,18,RECEIVED_QUANTITY,INT64,YES
stock_orders,19,CANCELLED_QUANTITY,INT64,YES
stock_orders,20,PENDING_QUANTITY,INT64,YES
stock_orders,21,AVERAGE_UNIT_COST,NUMERIC,YES
stock_orders,22,TOTAL_COST,NUMERIC,YES
stock_orders,23,_loaded_at,TIMESTAMP,YES
stock_orders_stage,1,ORDER_ITEM_ID,INT64,YES
stock_orders_stage,2,ORDER_ID,INT64,YES
stock_orders_stage,3,LOCATION_ID,INT64,YES
stock_orders_stage,4,ORDERED_BY_TEAM_MEMBER_ID,INT64,YES
stock_orders_stage,5,PRODUCT_ID,INT64,YES
stock_orders_stage,6,ORDERED_AT,TIMESTAMP,YES
stock_orders_stage,7,EXPECTED_AT,DATE,YES
stock_orders_stage,8,RECEIVED_AT,TIMESTAMP,YES
stock_orders_stage,9,LOCATION,STRING,YES
stock_orders_stage,10,TEAM_MEMBER,STRING,YES
stock_orders_stage,11,SUPPLIER_NAME,STRING,YES
stock_orders_stage,12,BRAND_NAME,STRING,YES
stock_orders_stage,13,PRODUCT_NAME,STRING,YES
stock_orders_stage,14,CATEGORY_NAME,STRING,YES
stock_orders_stage,15,REFERENCE_NUMBER,STRING,YES
stock_orders_stage,16,ORDER_STATUS,STRING,YES
stock_orders_stage,17,ORDERED_QUANTITY,INT64,YES
stock_orders_stage,18,RECEIVED_QUANTITY,INT64,YES
stock_orders_stage,19,CANCELLED_QUANTITY,INT64,YES
stock_orders_stage,20,PENDING_QUANTITY,INT64,YES
stock_orders_stage,21,AVERAGE_UNIT_COST,NUMERIC,YES
stock_orders_stage,22,TOTAL_COST,NUMERIC,YES
taxes,1,SALE_ITEM_TAX_ID,INT64,YES
taxes,2,SALE_ID,INT64,YES
taxes,3,SALE_ITEM_ID,INT64,YES
taxes,4,LOCATION_ID,INT64,YES
taxes,5,TEAM_MEMBER_ID,INT64,YES
taxes,6,CLIENT_ID,INT64,YES
taxes,7,SALE_DATE,TIMESTAMP,YES
taxes,8,LOCATION,STRING,YES
taxes,9,TEAM_MEMBER,STRING,YES
taxes,10,CLIENT,STRING,YES
taxes,11,APPOINTMENT_CHANNEL,STRING,YES
taxes,12,APPOINTMENT_REF,STRING,YES
taxes,13,SALE_NUMBER,STRING,YES
taxes,14,SALE_STATUS,STRING,YES
taxes,15,TRANSACTION_TYPE,STRING,YES
taxes,16,PAYMENT_METHOD,STRING,YES
taxes,17,SALE_TYPE,STRING,YES
taxes,18,SUPPLIER,STRING,YES
taxes,19,BRAND,STRING,YES
taxes,20,CATEGORY,STRING,YES
taxes,21,ITEM,STRING,YES
taxes,22,SKU,STRING,YES
taxes,23,BARCODE,STRING,YES
taxes,24,TAX_NAME,STRING,YES
taxes,25,CURRENCY_CODE,STRING,YES
taxes,26,COST,NUMERIC,YES
taxes,27,NET_SALES,NUMERIC,YES
taxes,28,TAX_RATE,NUMERIC,YES
taxes,29,ITEMS_SOLD,INT64,YES
taxes,30,TAX_ON_NET_SALES,NUMERIC,YES
taxes,31,_loaded_at,TIMESTAMP,YES
taxes_stage,1,SALE_ITEM_TAX_ID,INT64,YES
taxes_stage,2,SALE_ID,INT64,YES
taxes_stage,3,SALE_ITEM_ID,INT64,YES
taxes_stage,4,LOCATION_ID,INT64,YES
taxes_stage,5,TEAM_MEMBER_ID,INT64,YES
taxes_stage,6,CLIENT_ID,INT64,YES
taxes_stage,7,SALE_DATE,TIMESTAMP,YES
taxes_stage,8,LOCATION,STRING,YES
taxes_stage,9,TEAM_MEMBER,STRING,YES
taxes_stage,10,CLIENT,STRING,YES
taxes_stage,11,APPOINTMENT_CHANNEL,STRING,YES
taxes_stage,12,APPOINTMENT_REF,STRING,YES
taxes_stage,13,SALE_NUMBER,STRING,YES
taxes_stage,14,SALE_STATUS,STRING,YES
taxes_stage,15,TRANSACTION_TYPE,STRING,YES
taxes_stage,16,PAYMENT_METHOD,STRING,YES
taxes_stage,17,SALE_TYPE,STRING,YES
taxes_stage,18,SUPPLIER,STRING,YES
taxes_stage,19,BRAND,STRING,YES
taxes_stage,20,CATEGORY,STRING,YES
taxes_stage,21,ITEM,STRING,YES
taxes_stage,22,SKU,STRING,YES
taxes_stage,23,BARCODE,STRING,YES
taxes_stage,24,TAX_NAME,STRING,YES
taxes_stage,25,CURRENCY_CODE,STRING,YES
taxes_stage,26,COST,NUMERIC,YES
taxes_stage,27,NET_SALES,NUMERIC,YES
taxes_stage,28,TAX_RATE,NUMERIC,YES
taxes_stage,29,ITEMS_SOLD,INT64,YES
taxes_stage,30,TAX_ON_NET_SALES,NUMERIC,YES
team_members,1,TEAM_MEMBER_ID,INT64,YES
team_members,2,FIRST_NAME,STRING,YES
team_members,3,LAST_NAME,STRING,YES
team_members,4,FULL_NAME,STRING,YES
team_members,5,MOBILE_NUMBER,STRING,YES
team_members,6,EMAIL,STRING,YES
team_members,7,ROLE,STRING,YES
team_members,8,STAFF_TITLE,STRING,YES
team_members,9,EXTERNAL_ID,STRING,YES
team_members,10,EMPLOYMENT_START_DATE,DATE,YES
team_members,11,EMPLOYMENT_END_DATE,DATE,YES
team_members,12,DELETED_AT,TIMESTAMP,YES
team_members,13,_loaded_at,TIMESTAMP,YES
team_members_stage,1,TEAM_MEMBER_ID,INT64,YES
team_members_stage,2,FIRST_NAME,STRING,YES
team_members_stage,3,LAST_NAME,STRING,YES
team_members_stage,4,FULL_NAME,STRING,YES
team_members_stage,5,MOBILE_NUMBER,STRING,YES
team_members_stage,6,EMAIL,STRING,YES
team_members_stage,7,ROLE,STRING,YES
team_members_stage,8,STAFF_TITLE,STRING,YES
team_members_stage,9,EXTERNAL_ID,STRING,YES
team_members_stage,10,EMPLOYMENT_START_DATE,DATE,YES
team_members_stage,11,EMPLOYMENT_END_DATE,DATE,YES
team_members_stage,12,DELETED_AT,TIMESTAMP,YES
time_off,1,TIME_OFF_PK,STRING,YES
time_off,2,TIME_OFF_ID,STRING,YES
time_off,3,LOCATION_ID,INT64,YES
time_off,4,TEAM_MEMBER_ID,INT64,YES
time_off,5,START_DATE,DATE,YES
time_off,6,START_TIME,TIME,YES
time_off,7,END_DATE,DATE,YES
time_off,8,END_TIME,TIME,YES
time_off,9,LOCATION,STRING,YES
time_off,10,TEAM_MEMBER,STRING,YES
time_off,11,TIME_OFF_TYPE,STRING,YES
time_off,12,STATUS,STRING,YES
time_off,13,DURATION_MINUTES,INT64,YES
time_off,14,DURATION_HOURS,STRING,YES
time_off,15,_loaded_at,TIMESTAMP,YES
time_off_stage,1,TIME_OFF_PK,STRING,YES
time_off_stage,2,TIME_OFF_ID,STRING,YES
time_off_stage,3,LOCATION_ID,INT64,YES
time_off_stage,4,TEAM_MEMBER_ID,INT64,YES
time_off_stage,5,START_DATE,DATE,YES
time_off_stage,6,START_TIME,TIME,YES
time_off_stage,7,END_DATE,DATE,YES
time_off_stage,8,END_TIME,TIME,YES
time_off_stage,9,LOCATION,STRING,YES
time_off_stage,10,TEAM_MEMBER,STRING,YES
time_off_stage,11,TIME_OFF_TYPE,STRING,YES
time_off_stage,12,STATUS,STRING,YES
time_off_stage,13,DURATION_MINUTES,INT64,YES
time_off_stage,14,DURATION_HOURS,STRING,YES
timesheets,1,TIMESHEET_ID,STRING,YES
timesheets,2,LOCATION_ID,INT64,YES
timesheets,3,TEAM_MEMBER_ID,INT64,YES
timesheets,4,EXPECTED_START,TIMESTAMP,YES
timesheets,5,ACTUAL_START,TIMESTAMP,YES
timesheets,6,EXPECTED_END,TIMESTAMP,YES
timesheets,7,ACTUAL_END,TIMESTAMP,YES
timesheets,8,LOCATION,STRING,YES
timesheets,9,TEAM_MEMBER,STRING,YES
timesheets,10,SOURCE,STRING,YES
timesheets,11,CLOCK_IN,TIME,YES
timesheets,12,CLOCK_IN_TYPE,STRING,YES
timesheets,13,CLOCK_IN_DEVIATION,STRING,YES
timesheets,14,CLOCK_OUT,TIME,YES
timesheets,15,CLOCK_OUT_TYPE,STRING,YES
timesheets,16,CLOCK_OUT_DEVIATION,STRING,YES
timesheets,17,PAID_BREAK_HOURS,NUMERIC,YES
timesheets,18,PAID_BREAK_MINUTES,INT64,YES
timesheets,19,UNPAID_BREAK_HOURS,NUMERIC,YES
timesheets,20,UNPAID_BREAK_MINUTES,INT64,YES
timesheets,21,HOURS_WORKED,NUMERIC,YES
timesheets,22,HOURS_SCHEDULED,NUMERIC,YES
timesheets,23,HOURS_TOTAL_PAID,NUMERIC,YES
timesheets,24,_loaded_at,TIMESTAMP,YES
timesheets_stage,1,TIMESHEET_ID,STRING,YES
timesheets_stage,2,LOCATION_ID,INT64,YES
timesheets_stage,3,TEAM_MEMBER_ID,INT64,YES
timesheets_stage,4,EXPECTED_START,TIMESTAMP,YES
timesheets_stage,5,ACTUAL_START,TIMESTAMP,YES
timesheets_stage,6,EXPECTED_END,TIMESTAMP,YES
timesheets_stage,7,ACTUAL_END,TIMESTAMP,YES
timesheets_stage,8,LOCATION,STRING,YES
timesheets_stage,9,TEAM_MEMBER,STRING,YES
timesheets_stage,10,SOURCE,STRING,YES
timesheets_stage,11,CLOCK_IN,TIME,YES
timesheets_stage,12,CLOCK_IN_TYPE,STRING,YES
timesheets_stage,13,CLOCK_IN_DEVIATION,STRING,YES
timesheets_stage,14,CLOCK_OUT,TIME,YES
timesheets_stage,15,CLOCK_OUT_TYPE,STRING,YES
timesheets_stage,16,CLOCK_OUT_DEVIATION,STRING,YES
timesheets_stage,17,PAID_BREAK_HOURS,NUMERIC,YES
timesheets_stage,18,PAID_BREAK_MINUTES,INT64,YES
timesheets_stage,19,UNPAID_BREAK_HOURS,NUMERIC,YES
timesheets_stage,20,UNPAID_BREAK_MINUTES,INT64,YES
timesheets_stage,21,HOURS_WORKED,NUMERIC,YES
timesheets_stage,22,HOURS_SCHEDULED,NUMERIC,YES
timesheets_stage,23,HOURS_TOTAL_PAID,NUMERIC,YES
tips,1,TIP_ID,INT64,YES
tips,2,SALE_ID,INT64,YES
tips,3,SALE_NUMBER,STRING,YES
tips,4,LOCATION_ID,INT64,YES
tips,5,TEAM_MEMBER_ID,INT64,YES
tips,6,CLIENT_ID,INT64,YES
tips,7,TIP_DATE,DATE,YES
tips,8,TEAM_MEMBER,STRING,YES
tips,9,CLIENT,STRING,YES
tips,10,CLIENT_GENDER,STRING,YES
tips,11,LOCATION,STRING,YES
tips,12,TRANSACTION_TYPE,STRING,YES
tips,13,TIP_CHANNEL,STRING,YES
tips,14,PAYMENT_METHOD,STRING,YES
tips,15,TIPS_COLLECTED,NUMERIC,YES
tips,16,TIPS_REFUNDED,NUMERIC,YES
tips,17,CLIENT_RETENTION_SOURCE,STRING,YES
tips,18,CURRENCY_CODE,STRING,YES
tips,19,_loaded_at,TIMESTAMP,YES
tips_stage,1,TIP_ID,INT64,YES
tips_stage,2,SALE_ID,INT64,YES
tips_stage,3,SALE_NUMBER,STRING,YES
tips_stage,4,LOCATION_ID,INT64,YES
tips_stage,5,TEAM_MEMBER_ID,INT64,YES
tips_stage,6,CLIENT_ID,INT64,YES
tips_stage,7,TIP_DATE,DATE,YES
tips_stage,8,TEAM_MEMBER,STRING,YES
tips_stage,9,CLIENT,STRING,YES
tips_stage,10,CLIENT_GENDER,STRING,YES
tips_stage,11,LOCATION,STRING,YES
tips_stage,12,TRANSACTION_TYPE,STRING,YES
tips_stage,13,TIP_CHANNEL,STRING,YES
tips_stage,14,PAYMENT_METHOD,STRING,YES
tips_stage,15,TIPS_COLLECTED,NUMERIC,YES
tips_stage,16,TIPS_REFUNDED,NUMERIC,YES
tips_stage,17,CLIENT_RETENTION_SOURCE,STRING,YES
tips_stage,18,CURRENCY_CODE,STRING,YES
wages,1,WAGE_PK,STRING,YES
wages,2,LOCATION_ID,INT64,YES
wages,3,TEAM_MEMBER_ID,INT64,YES
wages,4,WAGE_DATE,DATE,YES
wages,5,LOCATION,STRING,YES
wages,6,TEAM_MEMBER,STRING,YES
wages,7,PAID_BREAKS,NUMERIC,YES
wages,8,UNPAID_BREAKS,NUMERIC,YES
wages,9,REGULAR_PAID_HOURS,NUMERIC,YES
wages,10,OVERTIME_PAID_HOURS,NUMERIC,YES
wages,11,REGULAR_WAGE_AMOUNT,NUMERIC,YES
wages,12,OVERTIME_WAGE_AMOUNT,NUMERIC,YES
wages,13,HOURS_WORKED,NUMERIC,YES
wages,14,TOTAL_PAID_HOURS,NUMERIC,YES
wages,15,TOTAL_WAGES,NUMERIC,YES
wages,16,_loaded_at,TIMESTAMP,YES
wages_stage,1,WAGE_PK,STRING,YES
wages_stage,2,LOCATION_ID,INT64,YES
wages_stage,3,TEAM_MEMBER_ID,INT64,YES
wages_stage,4,WAGE_DATE,DATE,YES
wages_stage,5,LOCATION,STRING,YES
wages_stage,6,TEAM_MEMBER,STRING,YES
wages_stage,7,PAID_BREAKS,NUMERIC,YES
wages_stage,8,UNPAID_BREAKS,NUMERIC,YES
wages_stage,9,REGULAR_PAID_HOURS,NUMERIC,YES
wages_stage,10,OVERTIME_PAID_HOURS,NUMERIC,YES
wages_stage,11,REGULAR_WAGE_AMOUNT,NUMERIC,YES
wages_stage,12,OVERTIME_WAGE_AMOUNT,NUMERIC,YES
wages_stage,13,HOURS_WORKED,NUMERIC,YES
wages_stage,14,TOTAL_PAID_HOURS,NUMERIC,YES
wages_stage,15,TOTAL_WAGES,NUMERIC,YES
waitlist,1,WAITLIST_PK,STRING,YES
waitlist,2,WAITLIST_REF,STRING,YES
waitlist,3,LOCATION_ID,INT64,YES
waitlist,4,APPOINTMENT_ID,INT64,YES
waitlist,5,CLIENT_ID,INT64,YES
waitlist,6,TEAM_MEMBER_ID,INT64,YES
waitlist,7,SERVICE_ID,INT64,YES
waitlist,8,CREATED_BY_TEAM_MEMBER_ID,INT64,YES
waitlist,9,DELETED_BY_TEAM_MEMBER_ID,INT64,YES
waitlist,10,FROM_DATE,DATE,YES
waitlist,11,FROM_TIME,TIME,YES
waitlist,12,TO_DATE,DATE,YES
waitlist,13,TO_TIME,TIME,YES
waitlist,14,CREATED_DATE,TIMESTAMP,YES
waitlist,15,DELETED_DATE,TIMESTAMP,YES
waitlist,16,LOCATION,STRING,YES
waitlist,17,CLIENT,STRING,YES
waitlist,18,CLIENT_PHONE_NUMBER,STRING,YES
waitlist,19,IS_NEW_CLIENT,BOOL,YES
waitlist,20,TEAM_MEMBER,STRING,YES
waitlist,21,SERVICE_NAME,STRING,YES
waitlist,22,CATEGORY_NAME,STRING,YES
waitlist,23,WAITLIST_STATUS,STRING,YES
waitlist,24,APPOINTMENT_CHANNEL,STRING,YES
waitlist,25,APPOINTMENT_REF,STRING,YES
waitlist,26,NOTE,STRING,YES
waitlist,27,SKU,STRING,YES
waitlist,28,CREATED_BY_TEAM_MEMBER,STRING,YES
waitlist,29,DELETED_BY_TEAM_MEMBER,STRING,YES
waitlist,30,SERVICE_DURATION,INT64,YES
waitlist,31,SERVICE_PRICE,NUMERIC,YES
waitlist,32,_loaded_at,TIMESTAMP,YES
waitlist_stage,1,WAITLIST_PK,STRING,YES
waitlist_stage,2,WAITLIST_REF,STRING,YES
waitlist_stage,3,LOCATION_ID,INT64,YES
waitlist_stage,4,APPOINTMENT_ID,INT64,YES
waitlist_stage,5,CLIENT_ID,INT64,YES
waitlist_stage,6,TEAM_MEMBER_ID,INT64,YES
waitlist_stage,7,SERVICE_ID,INT64,YES
waitlist_stage,8,CREATED_BY_TEAM_MEMBER_ID,INT64,YES
waitlist_stage,9,DELETED_BY_TEAM_MEMBER_ID,INT64,YES
waitlist_stage,10,FROM_DATE,DATE,YES
waitlist_stage,11,FROM_TIME,TIME,YES
waitlist_stage,12,TO_DATE,DATE,YES
waitlist_stage,13,TO_TIME,TIME,YES
waitlist_stage,14,CREATED_DATE,TIMESTAMP,YES
waitlist_stage,15,DELETED_DATE,TIMESTAMP,YES
waitlist_stage,16,LOCATION,STRING,YES
waitlist_stage,17,CLIENT,STRING,YES
waitlist_stage,18,CLIENT_PHONE_NUMBER,STRING,YES
waitlist_stage,19,IS_NEW_CLIENT,BOOL,YES
waitlist_stage,20,TEAM_MEMBER,STRING,YES
waitlist_stage,21,SERVICE_NAME,STRING,YES
waitlist_stage,22,CATEGORY_NAME,STRING,YES
waitlist_stage,23,WAITLIST_STATUS,STRING,YES
waitlist_stage,24,APPOINTMENT_CHANNEL,STRING,YES
waitlist_stage,25,APPOINTMENT_REF,STRING,YES
waitlist_stage,26,NOTE,STRING,YES
waitlist_stage,27,SKU,STRING,YES
waitlist_stage,28,CREATED_BY_TEAM_MEMBER,STRING,YES
waitlist_stage,29,DELETED_BY_TEAM_MEMBER,STRING,YES
waitlist_stage,30,SERVICE_DURATION,INT64,YES
waitlist_stage,31,SERVICE_PRICE,NUMERIC,YES